{
    "mode": "right_penalty_box",
    "source_points": [
        [
            12.0,
            149.0
        ],
        [
            341.0,
            119.0
        ],
        [
            1091.0,
            228.0
        ],
        [
            742.0,
            309.0
        ]
    ],
    "destination_points": [
        [
            760.0,
            150.0
        ],
        [
            880.0,
            150.0
        ],
        [
            880.0,
            400.0
        ],
        [
            760.0,
            400.0
        ]
    ],
    "matrix": [
        [
            0.6001656264607789,
            6.958704038495293,
            1195.5722459034992
        ],
        [
            0.4916345935972561,
            7.465064413254074,
            -676.163725496019
        ],
        [
            -6.851540720175303e-05,
            0.013071759057492997,
            1.0
        ]
    ]
}